{
  "model": "lora_qwen3_4b",
  "corpus_size": 56802,
  "num_samples": 200,
  "top_k_values": [
    1,
    3,
    5
  ],
  "timestamp": "2026-02-21T12:55:20.148579",
  "FT only": {
    "config": {
      "name": "FT only",
      "top_k": 0
    },
    "num_samples": 200,
    "total_time": 506.61640906333923,
    "avg_metrics": {
      "citation_accuracy": 0.8188452380952386,
      "hallucination_rate": 0.26458333333333345,
      "key_info": 0.7576207542457537,
      "length_ratio": 0.7389678744373096,
      "gen_time": 2.5330820453166942,
      "bertscore_f1": 0.8976257568597791
    },
    "confidence_intervals": {
      "citation_accuracy": {
        "mean": 0.8188452380952381,
        "ci_lower": 0.7712395833333333,
        "ci_upper": 0.8658377976190478,
        "std": 0.350950020789053
      },
      "hallucination_rate": {
        "mean": 0.26458333333333334,
        "ci_lower": 0.2083125,
        "ci_upper": 0.3183333333333333,
        "std": 0.4065810616866238
      },
      "key_info": {
        "mean": 0.7576207542457543,
        "ci_lower": 0.719256951035076,
        "ci_upper": 0.7960432175463426,
        "std": 0.2891021751106898
      },
      "length_ratio": {
        "mean": 0.7389678744373096,
        "ci_lower": 0.7101063370342233,
        "ci_upper": 0.7685776859708086,
        "std": 0.21090322042781984
      },
      "bertscore_f1": {
        "mean": 0.8976257568597794,
        "ci_lower": 0.892868135780096,
        "ci_upper": 0.9022637710794807,
        "std": 0.03352265510111293
      }
    }
  },
  "FT + RAG (top-1)": {
    "config": {
      "name": "FT + RAG (top-1)",
      "top_k": 1
    },
    "num_samples": 200,
    "total_time": 610.6385753154755,
    "avg_metrics": {
      "citation_accuracy": 0.771880952380953,
      "hallucination_rate": 0.2741666666666668,
      "key_info": 0.6954446248196244,
      "length_ratio": 0.6243722549554679,
      "gen_time": 3.053192876577377,
      "bertscore_f1": 0.883083193898201
    },
    "confidence_intervals": {
      "citation_accuracy": {
        "mean": 0.7718809523809523,
        "ci_lower": 0.7192110119047619,
        "ci_upper": 0.828439880952381,
        "std": 0.4017726728042176
      },
      "hallucination_rate": {
        "mean": 0.27416666666666667,
        "ci_lower": 0.2174791666666667,
        "ci_upper": 0.3300208333333333,
        "std": 0.4278166468632717
      },
      "key_info": {
        "mean": 0.6954446248196249,
        "ci_lower": 0.6517382350288601,
        "ci_upper": 0.7453386408730159,
        "std": 0.332234519929
      },
      "length_ratio": {
        "mean": 0.6243722549554677,
        "ci_lower": 0.5876648505073256,
        "ci_upper": 0.6586435663019984,
        "std": 0.26397430386265364
      },
      "bertscore_f1": {
        "mean": 0.883083193898201,
        "ci_lower": 0.8779253916442394,
        "ci_upper": 0.8880975441560149,
        "std": 0.03582832447664187
      }
    }
  },
  "FT + RAG (top-3)": {
    "config": {
      "name": "FT + RAG (top-3)",
      "top_k": 3
    },
    "num_samples": 200,
    "total_time": 715.2621335983276,
    "avg_metrics": {
      "citation_accuracy": 0.7758809523809529,
      "hallucination_rate": 0.2988333333333335,
      "key_info": 0.7254329212454208,
      "length_ratio": 0.5892031587366696,
      "gen_time": 3.576310667991638,
      "bertscore_f1": 0.8800559842586513
    },
    "confidence_intervals": {
      "citation_accuracy": {
        "mean": 0.7758809523809523,
        "ci_lower": 0.7243526785714287,
        "ci_upper": 0.8321011904761905,
        "std": 0.39604602663758603
      },
      "hallucination_rate": {
        "mean": 0.29883333333333334,
        "ci_lower": 0.2391583333333333,
        "ci_upper": 0.35600833333333337,
        "std": 0.44048429786618576
      },
      "key_info": {
        "mean": 0.7254329212454212,
        "ci_lower": 0.6842356894841269,
        "ci_upper": 0.7682470734126984,
        "std": 0.30752086879398227
      },
      "length_ratio": {
        "mean": 0.5892031587366694,
        "ci_lower": 0.5499145540200084,
        "ci_upper": 0.6252504207768246,
        "std": 0.2711866701737194
      },
      "bertscore_f1": {
        "mean": 0.8800559842586517,
        "ci_lower": 0.8752189244255424,
        "ci_upper": 0.884572787553072,
        "std": 0.03245507190092392
      }
    }
  },
  "FT + RAG (top-5)": {
    "config": {
      "name": "FT + RAG (top-5)",
      "top_k": 5
    },
    "num_samples": 200,
    "total_time": 772.7656443119049,
    "avg_metrics": {
      "citation_accuracy": 0.7840952380952387,
      "hallucination_rate": 0.2529166666666668,
      "key_info": 0.7072738095238089,
      "length_ratio": 0.6200221528743123,
      "gen_time": 3.8638282215595265,
      "bertscore_f1": 0.8813803553581235
    },
    "confidence_intervals": {
      "citation_accuracy": {
        "mean": 0.7840952380952381,
        "ci_lower": 0.7309080357142856,
        "ci_upper": 0.8347827380952382,
        "std": 0.3855516088462091
      },
      "hallucination_rate": {
        "mean": 0.2529166666666666,
        "ci_lower": 0.19998958333333336,
        "ci_upper": 0.30709375000000005,
        "std": 0.4071733097425059
      },
      "key_info": {
        "mean": 0.7072738095238094,
        "ci_lower": 0.6656498511904763,
        "ci_upper": 0.7531733382936509,
        "std": 0.3215620089965256
      },
      "length_ratio": {
        "mean": 0.6200221528743123,
        "ci_lower": 0.5847683847865932,
        "ci_upper": 0.6535674615861313,
        "std": 0.26015515406715817
      },
      "bertscore_f1": {
        "mean": 0.8813803553581238,
        "ci_lower": 0.8767349987104535,
        "ci_upper": 0.8861537553295493,
        "std": 0.03225193423930454
      }
    }
  }
}